編號,成分名稱,CAS_Number,備註
1,Mercury and its compounds,7439-97-6,"1.化粧品防腐劑成分名稱及使用限制表中另有規定者除外。
2.化粧品於製造過程中，如因所需使用原料或其他等因素，且技術上無法
排除，致含自然殘留微量之重金屬汞(水銀)時，則其最終製品中所含不純物重金屬汞(水銀)之殘留量不得超過1ppm。"
10,"3'-Ethyl-5',6',7',8'-tetrahydro-5',5',8',8'-tetramethyl-2'- acetonaphthone or 7-acetyl-6-ethyl-1,1,4,4-tetramethyl-1,2,3,4-tetrahydronaphtalen (AETT; Versalide)",88-29-9,
100,Impatientis Semen（急性子）,,
101,Knoxiae Radix（紅大戟）,,
322,Stellera chamaejasme L. (狼毒),,
323,Anemone hupehensis Lemoine (打破碗花),,
324,"Barium salts

",,硫酸鋇及色素之不溶性鋇鹽(salts)、麗基(lakes)和顏料(pigments)除外。
325,"Tetrahydrocannabinols
",1972-08-3,如化粧品中使用大麻籽油(Cannabis sativa seed oil(Hemp seed oil))為原料時，則其最終製品中所含四氫大麻酚(Tetrahydrocannabinols)之殘留量不得超過10ppm。
326,"Nonylphenol and Nonylphenol polyethylene glycol ether

",25154-52-3,化粧品於製造過程中，如因所需使用之原料或其他因素，且技術上無法避免，致含自然殘留微量時，則其最終製品中所含壬基酚或壬基酚聚乙氧基醇之殘留量，不得超過1000ppm。
327,Substances with androgenic effect,,
328,"2,2,2 -Trichloroethane-1,1-diol	",302-17-0,
102,Pharbitidis Semen（牽牛子）,,
329,"N,N-bis(2-Chloroethyl)methylamine N-oxide and its salts	",126-85-2,
330,Chlormethine (INN) and its salts	,51-75-2,
331,Cyclophosphamide (INN) and its salts	,50-18-0,
332,Cobalt benzenesulphonate	,23384-69-2,
333,"Dichloroethanes (ethylene chlorides) e.g. 1,2-Dichloroethane	",107-06-2,
334,"O,O' -Diethyl-O-4-nitrophenyl phosphorothioate	",56-38-2,
335,Barbiturates,,
336,Metaldehyde	,9002-91-9,
337,Triamterene (INN) and its salts	,396-01-0,
103,Tabanus（虻蟲）,,
338,Thiotepa (INN)	,52-24-4,
339,Trichlormethine (INN) and its salts	,"555-77-1/
817-09-4/ 
6138-32-5
",
340,"Furocoumarines (e.g. trioxysalen (INN), 8 -methoxypsoralen, 5-methoxypsoralen) except for normal content in natural essences used. ","298-81-7/ 
484-20-8/ 
3902-71-4
","In sun protection and in bronzing products, furocoumarines shall be below 1 mg/kg"
341,"2,3,7,8-Tetrachlorodibenzo-p-dioxin (TCDD)	",1746-01-6,
342,"1,2-Epoxybutane	",106-88-7,
343,"3,3-Bis(4-hydroxyphenyl)phthalide (Phenolphthalein (INN))	",77-09-8,
344,"Ethyl acrylate, when used as a fragrance ingredient",140-88-5,
345,Cobalt sulphate,10124-43-3,
346,Nickel monoxide; nickel oxide; bunsenite	,"1313-99-1/ 
11099-02-8/ 
34492-97-2",
347,Nickel dioxide	,12035-36-8,
104,Acrolein,107-02-8,
348,Nickel sulfide	,16812-54-7,
349,"Hydrocarbons, C4, 1,3 -butadiene- and isobutene-free, if they contain > 0.1% w/w Butadiene	",95465-89-7,
350,Benzo[def]chrysene; (=benzo[a]pyrene) ,50-32-8,
351,"Pitch, coal tar, high -temp., heat-treated, if it contains > 0.005% w/w benzo[a]pyrene",121575-60-8,
352,"Dibenz[a,h]anthracene	",53-70-3,
353,Benz[a]anthracene	,56-55-3,
354,Benzo[j]fluoranthene	,205-82-3,
355,Benz[e]acephenanthrylene	,205-99-2,
356,Benzo[k]fluoranthene	,207-08-9,
357,Chrysene,218-01-9,
105,Acrylamide,79-06-1,如化粧品中使用含Polyacrylamides 及其相關聚合物成分之原料時，則其最終製品中所含Acrylamide之殘留量不得超過0.1ppm；對於使用後須沖洗掉或非駐留身體肌膚用之化粧品，其最終製品中所含Acrylamide之殘留量不得超過0.5ppm。
358,"2,3-Dibromopropan-1-ol	",96-13-9,
359,"1,3-Dichloropropan-2-ol	",96-23-1,
360,alpha-Chlorotoluene (Benzyl chloride)	,100-44-7,
361,Methyloxirane (Propylene oxide)	,75-56-9,
362,"1,2-Epoxy-3-phenoxypropane (Phenylglycidyl ether)",122-60-1,
363,"2,3-Epoxypropan-1-ol (Glycidol)	",556-52-5,
364,Urethane (Ethyl carbamate)	,51-79-6,
365,2-Nitropropane	,79-46-9,
366,2-Nitroanisole	,91-23-6,
367,"2,4-Dinitrotoluene; Dinitrotoluene, technical grade	","121-14-2/ 
25321-14-6",
106,Acrylonitrile,107-13-1,
368,5-Nitroacenaphthene	,602-87-9,
369,"2,6-Dinitrotoluene	",606-20-2,
370,1-Methyl-3-nitro-1-nitrosoguanidine	,70-25-7,
371,"4,4'-(4-Iminocyclohexa-2,5-dienylidenemethylene) dianiline hydrochloride	
","569-61-9/
479-73-2",
372,o-Toluidine based dyes,,
373,(Methyl-ONN-azoxy)methyl acetate	,592-62-1,
374,Furan	,110-00-9,
375,"1,3-Propanesultone",1120-71-4,
377,Erionite	,12510-42-8,
107,Aldrin (ISO) ,309-00-2,
378,"Disodium 4 -amino-3-[[4'-[(2,4-diaminophenyl)azo] [1,1'-biphenyl]-4-yl]azo]-5-hydroxy-6-(phenylazo)naphthalene-2,7-disulphonate	",1937-37-7,
379,"Disodium[5 -[[4'-[[2,6-dihydroxy-3-[(2-hydroxy-5-sulphophenyl)azo]phenyl]azo][1,1'-biphenyl]-4-yl]azo]salicylato(4-)]cuprate(2-)	",16071-86-6,
380,Resorcinol diglycidyl ether	,101-90-6,
381,Divanadium pentaoxide	,1314-62-1,
382,Chlordecone	,143-50-0,
383,Chlorothalonil	,1897-45-6,
384,"Dodecachloropentacyclo[5.2.1.02,6.03,9.05,8]decane (Mirex)	",2385-85-5,
385,"4,4'-Carbonimidoylbis[N,N-dimethylaniline] and its salts	",492-80-8,
386,Acetamide	,60-35-5,
387,1-Vinyl-2-pyrrolidone	,88-12-0,
108,Allyl alcohol,107-18-6,
388,"α, α-Dichlorotoluene	",98-87-3,
389,"Isoprene (stabilized); (2 -Methyl-1,3-butadiene)	",78-79-5,
390,1-Bromopropane; n-Propyl bromide	,106-94-5,
391,"Chloroprene (stabilized); (2 -Chlorobuta-1,3-diene)	",126-99-8,
392,"4,4'-Bis(dimethylamino)benzophenone; (Michler's ketone)	",90-94-8,
393,"1,4-Dichlorobenzene (p-Dichlorobenzene)	",106-46-7,
394,"Creosote, if it contains > 0.005 % w/w benzo[a]pyrene	",8001-58-9,
109,Biphenyl-4-ylamine (4-Aminobiphenyl) and its salts,92-67-1,
11,"Cells, tissues or products of human origin ",,經中央主管機關就個別業者之各別外泌體個案審查通過者，不在此限 註。
110,"Aniline, its salts and its halogenated and sulphonated derivatives",62-53-3,
111,Asbestos,1332-21-4,化粧品及其滑石粉(Talc)原料，依國際間公認之檢驗方法，不得檢出石綿成分。
112,"Benzidine/
Benzidine acetate/
Benzidine sulfate/
Benzidine dihydrochloride/
Benzidine dihydrofluoride/
Benzidine perchlorate/
Benzidine perchlorate/
Benzidine diperchlorate","92-87-5/
36341-27-2/
531-86-2/
531-85-1/
41766-73-8/
29806-76-6/
38668-12-1/
41195-21-5",
113,Benzene,71-43-2,
114,Beryllium and its compounds,7440-41-7,
115,"Oxybis[chloromethane], bis (Chloromethyl) ether",542-88-1,
116,α-Bromobenzyl cyanide,5798-79-8,
117,"1,3-Butadiene",106-99-0,
118,Captafol,2425-06-1,
119,"N-(Trichloromethylthio)-4-cyclohexene-1,2-dicarboximide(Captan(ISO))",133-06-2,
12,Hydroxy-8-quinoline and its sulfate,"148-24-3/
134-31-6",使用於染髮、燙髮產品中，用作Hydrogen peroxide 之安定劑不得超過0.03%(以base計)。
120,"Chlordane, pur",57-74-9,
121,Chlorine,7782-50-5,
122,α-Chloroacetophenone (w-Chloroacetophenone ),532-27-4,
123,Chlorobenzilate,510-15-6,
124,Chloromethyl methyl ether,107-30-2,
125,p-Chloro-o-toluidine,95-69-2,
126,Cyanazine,21725-46-2,
127,"Sodium cyanide/
Potassium cyanide/
Silver cyanide/
Copper(I) cyanide/
Copper(I) potassium cyanide/
Cadmium cyanide/
Zinc cyanide/
Copper(II) cyanide/
Copper Sodium cyanide","143-33-9/
151-50-8/
506-64-9/
544-92-3/
13682-73-0/
542-83-6/
557-21-1/
14763-77-0/
14264-31-4",
128,Cyhexatin,13121-70-5,
129,"1,2-Dibromo-3-chloropropane",96-12-8,
13,Dichloromethane,75-09-2,
130,"3,3’-Dichlorobenzidine",91-94-1,
131,Clofenotane (INN); DDT (ISO),50-29-3,
132,Dieldrin,60-57-1,
133,Dimethylcarbamoyl chloride,79-44-7,
395,Drosera peltata Sm. var. Multisepala Y. Z. Ruan (茅膏菜),,
396,Skimmia reevesiana Fortune (茵芋),,
397,Typhonium giganteum Engl. (白附子),,
398,Sapium sebiferum (L.) Roxb. (烏桕),,
399,"Colchicin, its salts and derivatives",64-86-8,
400,"Hyoscyamine, its salts and derivatives",101-31-5,
401,"Hyoscine, its salts and derivatives",51-34-3,
402,Deanol aceglumate (INN),3342-61-8,
403,Spironolactone (INN),52-01-7,
404,"[4-(4-Hydroxy-3-iodophenoxy)-3,5-diiodophenyl]acetic acid (Tiratricol (INN)) and its salts",51-24-1,
134,"Dimethylformamide (N,N-Dimethylformamide)",68-12-2,
405,Methotrexate (INN),59-05-2,
406,"Cinchophen (INN), its salts, derivatives and salts of these derivatives","132-60-5/
5949-18-8",
407,Thyropropic acid (INN) and its salts,51-26-3,
408,Epinephrine (INN),51-43-4,
409,Isoprenaline (INN),7683-59-2,
410,Alloclamide (INN) and its salts,5486-77-1,
411,"Nalorphine (INN), its salts and ethers",62-67-9,
412,Betoxycaine (INN) and its salts,3818-62-0,
413,Zoxazolamine (INN),61-80-3,
414,"Procainamide (INN), its salts and derivatives",51-06-9,
135,Dimethyl sulfate,77-78-1,
415,"Tuaminoheptane (INN), its isomers and salts",123-82-0,
416,Octodrine (INN) and its salts,543-82-8,
417,Isocarboxazid (INN),59-63-2,
418,Bendroflumethiazide (INN) and its derivatives,73-48-3,
419,Bretylium tosilate (INN),61-75-6,
420,Carbromal (INN),77-65-6,
421,Bromisoval (INN),496-67-3,
422,Brompheniramine (INN) and its salts,86-22-6,
423,Benzilonium bromide (INN),1050-48-2,
424,Tetrylammonium bromide (INN),71-91-0,
136,"4,6-Dinitro-o-cresol (DNOC(ISO))",534-52-1,
425,Tetracaine (INN) and its salts,94-24-6,
426,Mofebutazone (INN),2210-63-1,
427,Tolbutamide (INN),64-77-7,
428,Carbutamide (INN),339-43-5,
429,Phenylbutazone (INN),50-33-9,
430,Phenprobamate (INN),673-31-4,
431,Chlorpropamide (INN),94-20-2,
432,Chlorzoxazone (INN),95-25-0,
433,Chlorprothixene (INN) and its salts,113-59-7,
434,Clofenamide (INN),671-95-4,
137,Dinitrophenol isomers,"51-28-5/
329-71-5/
573-56-8/
25550-58-7",
435,Mannomustine (INN) and its salts,576-68-1,
436,Butanilicaine (INN) and its salts,3785-21-5,
437,Chlormezanone (INN),80-77-3,
438,Triparanol (INN),78-41-1,
439,Chlorphenoxamine (INN),77-38-3,
440,Phenaglycodol (INN),79-93-6,
441,Glycyclamide (INN),664-95-9,
442,"Feclemine (INN); 2-(alpha-Cyclohexylbenzyl)-N,N,N',N'-tetraethyl-1,3-propanediamine",3590-16-7,
443,Cyclomenol (INN) and its salts,5591-47-9,
444,Sodium hexacyclonate (INN),7009-49-6,
138,"Dinoseb, its salts and esters",88-85-7,
445,Hexapropymate (INN),358-52-1,
446,Pipazetate (INN) and its salts,2167-85-3,
447,"N,N'-Pentamethylenebis(trimethylammonium) salts, e. g. pentamethonium bromide (INN)",541-20-8,
448,"N,N'-[(Methylimino)diethylene]bis(ethyldimethylammonium) salts, e. g. azamethonium bromide (INN)",306-53-6,
449,Cyclarbamate (INN),5779-54-4,
450,"N,N'-Hexamethylenebis(trimethylammonium) salts, e. g. hexamethonium bromide (INN)",55-97-0,
451,Lysergide (INN) (LSD) and its salts,50-37-3,
452,Cinchocaine (INN) and its salts,85-79-0,
453,3-Diethylaminopropyl cinnamate,538-66-9,
454,"[Oxalylbis(iminoethylene)]bis[(o-chlorobenzyl)diethylammonium] salts, e. g. ambenonium chloride (INN)",115-79-7,
139,"1,2-Diphenylhydrazine",122-66-7,
455,Methyprylon (INN) and its salts,125-64-4,
456,Dioxethedrin (INN) and its salts,497-75-6,
457,Piprocurarium iodide (INN),3562-55-8,
458,Propyphenazone (INN),479-92-5,
459,Tetrabenazine (INN) and its salts,58-46-8,
460,Captodiame (INN),486-17-9,
461,Mefeclorazine (INN) and its salts,1243-33-0,
462,Methapyrilene (INN) and its salts,91-80-5,
463,Metamfepramone (INN) and its salts,15351-09-4,
464,Amitriptyline (INN) and its salts,50-48-6,
14,"4-tert-Butyl-3-methoxy-2,6-dinitrotoluene (Musk ambrette)",83-66-9,
140,"(1R,4S,5R,8S)-1,2,3,4,10,10-Hexachloro-6,7-epoxy1,4,4a,5,6,7,8,8a-octahydro-1,4:5,8-dimethano-naphthalene (endrin(ISO))",72-20-8,
465,Metformin (INN) and its salts,657-24-9,
466,Isosorbide dinitrate (INN),87-33-2,
467,Inproquone (INN),436-40-8,
468,Dimevamide (INN) and its salts,60-46-8,
469,Diphenylpyraline (INN) and its salts,147-20-6,
470,Sulfinpyrazone (INN),57-96-5,
471,"N-(3-Carbamoyl-3,3-diphenylpropyl)-N,N-diisopropylmethyl-ammonium salts, e. g. isopropamide iodide (INN)",71-81-8,
472,Benactyzine (INN),302-40-9,
473,Benzatropine (INN) and its salts,86-13-5,
474,Cyclizine (INN) and its salts,82-92-8,
141,"1-Chloro-2,3-epoxypropane (Epichlorohydrin)",106-89-8,
475,"5,5-Diphenyl-4-imidazolidone (Doxenitoin (INN))",3254-93-1,
476,Probenecid (INN),57-66-9,
477,Disulfiram (INN); thiram (INN),"97-77-8/
137-26-8",
478,Oxanamide (INN) and its derivatives,126-93-2,
479,"Choline salts and their esters, e. g. choline chloride (INN)",67-48-1,
480,Caramiphen (INN) and its salts,77-22-5,
481,Metethoheptazine (INN) and its salts,509-84-2,
482,Oxpheneridine (INN) and its salts,546-32-7,
483,Ethoheptazine (INN) and its salts,77-15-6,
484,Metheptazine (INN) and its salts,469-78-3,
142,"1,2-Dibromoethane",106-93-4,
485,Methylphenidate (INN) and its salts,113-45-1,
486,Doxylamine (INN) and its salts,469-21-6,
487,Tolboxane (INN),2430-46-8,
488,Parethoxycaine (INN) and its salts,94-23-5,
489,Fenozolone (INN),15302-16-6,
490,Glutethimide (INN) and its salts,77-21-4,
491,Bemegride (INN) and its salts,64-65-3,
492,Valnoctamide (INN),4171-13-5,
493,Haloperidol (INN),52-86-8,
494,Paramethasone (INN),53-33-8,
143,Aziridine,151-56-4,
495,Fluanisone (INN),1480-19-9,
496,Trifluperidol (INN),749-13-3,
497,Fluoresone (INN),2924-67-6,
498,Fluorouracil (INN),51-21-8,
499,"Furfuryltrimethylammonium salts, e. g. furtrethonium iodide (INN)",541-64-0,
500,Galantamine (INN),357-70-0,
501,Hydrazides and their salts e.g. Isoniazid (INN),54-85-3,
502,Octamoxin (INN) and its salts,4684-87-1,
503,Warfarin (INN) and its salts,81-81-2,
504,Methocarbamol (INN),532-03-6,
144,2-Methoxyethanol and its acetate (2-Methoxyethyl acetate),"109-86-4/
110-49-6",
505,Propatylnitrate (INN),2921-92-8,
506,Fenadiazole (INN),1008-65-7,
507,Nitroxoline (INN) and its salts,4008-48-4,
508,Pemoline (INN) and its salts,2152-34-3,
509,"Decamethylenebis(trimethylammonium) salts, e. g. decamethonium bromide (INN)",541-22-0,
510,Lobeline (INN) and its salts,90-69-7,
511,Coumetarol (INN),4366-18-1,
512,Dextromethorphan (INN) and its salts,125-71-3,
513,Isometheptene (INN) and its salts,503-01-5,
514,Mecamylamine (INN),60-40-2,
145,Ethylene oxide,75-21-8,
515,Guaifenesin (INN),93-14-1,
516,Dicoumarol (INN),66-76-2,
517,"Phenmetrazine (INN), its derivatives and salts",134-49-6,
518,Thiamazole (INN),60-56-0,
519,Carisoprodol (INN),78-44-4,
520,Meprobamate (INN),57-53-4,
521,Tefazoline (INN) and its salts,1082-56-0,
522,Poldine metilsulfate (INN),545-80-2,
523,Hydroxyzine (INN),68-88-2,
524,Naphazoline (INN) and its salts,835-31-4,
146,Diethyl sulfate,64-67-5,
525,Neostigmine and its salts e. g. neostigmine bromide (INN),114-80-7,
526,Furazolidone (INN),67-45-8,
527,Acenocoumarol (INN),152-72-7,
528,Noscapine (INN) and its salts,128-62-1,
529,Guanethidine (INN) and its salts,55-65-2,
530,Chlortalidone (INN),77-36-1,
531,Pentaerithrityl tetranitrate (INN),78-11-5,
532,Petrichloral (INN),78-12-6,
533,Octamylamine (INN) and its salts,502-59-0,
534,Phenacemide (INN),63-98-9,
147,N-(Trichloromethylthio)phthalimide (Folpet(ISO)),133-07-3,
535,Difencloxazine (INN),5617-26-5,
536,"2-Phenylindan-1,3-dione (phenindione (INN))",83-12-5,
537,Ethylphenacemide (pheneturide (INN)),90-49-3,
538,Phenprocoumon (INN),435-97-2,
539,Fenyramidol (INN),553-69-5,
540,Psilocybine (INN),520-52-5,
541,Thalidomide (INN) and its salts,50-35-1,
542,"α-Piperidin-2-ylbenzyl acetate, laevorotatory threoform (levofacetoperane (INN)) and its salts",24558-01-8,
543,Pipradrol (INN) and its salts,467-60-7,
544,Azacyclonol (INN) and its salts,115-46-8,
148,Heptachlor,76-44-8,
545,Bietamiverine (INN),479-81-2,
546,Butopiprine (INN) and its salts,55837-15-5,
547,Metyrapone (INN),54-36-4,
548,Sparteine (INN) and its salts,90-39-1,
549,Sultiame (INN),61-56-3,
550,Xylometazoline (INN) and its salts,526-36-3,
551,Ethionamide (INN),536-33-4,
552,Phenothiazine (INN) and its compounds,92-84-2,
553,Mephenesin (INN) and its esters,59-47-2,
554,Tranylcypromine (INN) and its salts,155-09-9,
149,Hexachlorocyclohexane,"319-84-6/
319-85-7/
319-86-8
6108-10-7",
555,Tretamine (INN),51-18-3,
556,Gallamine triethiodide (INN),65-29-2,
557,Ergocalciferol (INN) and cholecalciferol (vitamins D2 and D3),"50-14-6/
67-97-0",
558,Dimethyl sulfoxide (INN),67-68-5,
559,Diphenhydramine (INN) and its salts,58-73-1,
560,Dihydrotachysterol (INN),67-96-9,
561,Tripelennamine (INN),91-81-6,
562,Pyrithione sodium (INNM),3811-73-2,
563,"6-(Piperidinyl)-2,4-pyrimidinediamine 3-oxide (Minoxidil (INN)) and its salts",38304-91-5,
15,6-Methylcoumarin,92-48-8,口腔製劑另有規定者除外。
150,Hexamethylphosphoric triamide,680-31-9,
564,"3,4',5-Tribromosalicylanilide (Tribromsalan (INN))",87-10-5,
565,"Amyl 4-dimethylaminobenzoate, mixed isomers (Padimate A (INN))",14779-78-3,
566,Tetrahydrozoline (Tetryzoline (INN)) and its salts,84-22-0,
567,Lidocaine (INN),137-58-6,
568,Pramocaine (INN),140-65-8,
569,Phytonadione [INCI] / phytomenadione [INN],"84-80-0/
81818-54-4",
570,Thallium and its compounds,7440-28-0,
571,Neodymium and its salts,7440-00-8,
572,Tellurium and its compounds,13494-80-9,
151,Hydrogen cyanide and its salts,74-90-8,
573,"1-Methyl-2,4,5-trihydroxybenzene and its salts 不得使用於染髮用途化粧品",1124-09-0,
574,"2,6-Dihydroxy-4-methylpyridine and its salts 不得使用於染髮用途化粧品",4664-16-8,
575,"5-Hydroxy-1,4-benzodioxane and its salts 不得使用於染髮用途化粧品",10288-36-5,
576,"3,4-Methylenedioxyphenol and its salts不得使用於染髮用途化粧品",533-31-3,
577,"3,4-Methylenedioxyaniline and its salts 不得使用於染髮用途化粧品",14268-66-7,
578,Hydroxypyridinone and its salts 不得使用於染髮用途化粧品,822-89-9,
579,3-Nitro-4-aminophenoxyethanol and its salts 不得使用於染髮用途化粧品,50982-74-6,
580,2-Methoxy-4-nitrophenol (4-Nitroguaiacol) and its salts 不得使用於染髮用途化粧品,3251-56-7,
581,CI Acid Black 131 and its salts 不得使用於染髮用途化粧品,12219-01-1,
582,"1,3,5-Trihydroxybenzene (Phloroglucinol) and its salts 不得使用於染髮用途化粧品",108-73-6,
152,Leptophos,21609-90-5,
583,"1,2,4-Benzenetriacetate and its salts 不得使用於染髮用途化粧品",613-03-6,
584,"Ethanol, 2,2' -iminobis-, reaction products with epichlorohydrin and 2-nitro-1,4-benzenediamine (HC Blue No 5) and its salts 不得使用於染髮用途化粧品",68478-64-8/ 158571-58-5,
585,"N-Methyl-1,4-diaminoanthraquinone, reaction products with epichlorohydrin and monoethanolamine (HC Blue No 4) and its salts 不得使用於染髮用途化粧品",158571-57-4,
586,4-Aminobenzenesulfonic acid (Sulfanilic acid) and its salts 不得使用於染髮用途化粧品,"121-57-3/
515-74-2",
587,"3,3'-(Sulfonylbis(2-nitro-4,1-phenylene)imino) bis(6-(phenylamino))benzenesulfonic acid and its salts 不得使用於染髮用途化粧品",6373-79-1,
588,"3(or5)-((4-(Benzylmethylamino)phenyl)azo)-1,2-(or1,4)-dimethyl-1H-1,2,4-triazolium and its salts 不得使用於染髮用途化粧品","89959-98-8/
12221-69-1",
589,"2,2'-((3-Chloro-4-((2,6-dichloro-4-nitrophenyl) azo)phenyl)imino)bisethanol (Disperse Brown 1) and its salts 不得使用於染髮用途化粧品",23355-64-8,
590,"Benzothiazolium, 2-[[4-[ethyl(2-hydroxyethyl)amino]phenyl]azo]-6-methoxy-3-methyl- and its salts 不得使用於染髮用途化粧品",12270-13-2,
591,2-[(4-Chloro-2-nitrophenyl)azo)-N-(2-methoxyphenyl)-3-oxobutanamide (Pigment Yellow 73) and its salts 不得使用於染髮用途化粧品,13515-40-7,
592,"2,2'-[(3,3'-dichloro[1,1'-biphenyl]-4,4'-diyl)bis(azo)]bis[3-oxo-N-phenylbutanamide] (Pigment Yellow 12) and its salts 不得使用於染髮用途化粧品",6358-85-6,
153,"1,2,3,4,5,6-Hexachlorocyclohexane (BHC(ISO))",58-89-9,
593,"2,2'-(1,2-Ethenediyl)bis[5-((4-ethoxyphenyl)azo]benzenesulfonic acid) and its salts 不得使用於染髮用途化粧品",2870-32-8,
594,"2,3-Dihydro-2,2-dimethyl-6-[(4-(phenylazo)-1-naphthelenyl)azo]-1H-pyrimidine (Solvent Black 3) and its salts 不得使用於染髮用途化粧品",4197-25-5,
595,3(or5)-[[4-[(7-amino-1-hydroxy-3-sulphonato-2-naphthyl)azo]-1-naphthyl]azo]salicylic acid and its salts不得使用於染髮用途化粧品,"3442-21-5/
34977-63-4",
596,"2-Naphthalenesulfonic acid, 7-(benzoylamino)-4-hydroxy-3-[[4-[(4-sulfophenyl)azo]phenyl]azo]- and its salts不得使用於染髮用途化粧品",2610-11-9,
597,"(μ-((7,7'-Iminobis(4-hydroxy-3-((2-hydroxy-5-(N-methylsulphamoyl)phenyl)azo)naphthalene-2-sulphonato))(6-)))dicuprate(2-) and its salts 不得使用於染髮用途化粧品",37279-54-2,
598,3-[(4-(Acetylamino)phenyl)azo]-4-hydroxy-7-[[[[5-hydroxy-6-(phenylazo)-7-sulfo-2-naphthalenyl]amino]carbonyl]amino]-2-naphthalenesulfonic acid and its salts不得使用於染髮用途化粧品,3441-14-3,
599,"2-Naphthalenesulfonic acid, 7,7'-(carbonyldiimino)bis(4-hydroxy-3-[[2-sulfo-4-[(4-sulfophenyl)azo]phenyl]azo]-, and its salts 不得使用於染髮用途化粧品","2610-10-8/
25188-41-4",
600,"Ethanaminium, N-(4-[bis[4-(diethylamino)phenyl]methylene]-2,5-cyclohexadien-1-ylidine)-N-ethyl- and its salts 不得使用於染髮用途化粧品",2390-59-2,
601,"3H-Indolium, 2-[[(4-methoxyphenyl)methylhydrazono]methyl]-1,3,3-trimethyl- and its salts 不得使用於染髮用途化粧品",54060-92-3,
602,"3H-Indolium, 2-(2-((2,4-dimethoxyphenyl)amino)ethenyl]-1,3,3-trimethyl- and its salts 不得使用於染髮用途化粧品",4208-80-4,
154,"4,4'-Methylene-bis(2-chloroaniline)",101-14-4,
603,Nigrosine spirit soluble (Solvent Black 5) and its salts 不得使用於染髮用途化粧品,11099-03-9,
604,"Phenoxazin-5-ium, 3,7-bis(diethylamino)-, and its salts 不得使用於染髮用途化粧品","47367-75-9/
33203-82-6",
605,"Benzo[a]phenoxazin -7-ium, 9-(dimethylamino)-, and its salts不得使用於染髮用途化粧品","7057-57-0/
966-62-1",
606,"6-Amino-2-((2,4-dimethylphenyl)-1H-benz[de]isoquinoline-1,3(2H)-dione (Solvent Yellow 44) and its salts不得使用於染髮用途化粧品",2478-20-8,
607,1-Amino-4-[[4-[(dimethylamino)methyl]phenyl]amino]anthraquinone and its salts不得使用於染髮用途化粧品,"67905-56-0/
12217-43-5",
608,Laccaic acid (CI Natural Red 25) and its salts不得使用於染髮用途化粧品,60687-93-6,
609,"Benzenesulfonic acid, 5 -[(2,4-dinitrophenyl]amino]-2-(phenylamino)-, and its salts不得使用於染髮用途化粧品","6373-74-6/
15347-52-1",
610,4-[(4-Nitrophenyl)azo]aniline (Disperse Orange 3) and its salts不得使用於染髮用途化粧品,"730-40-5/
70170-61-5",
611,4-Nitro-m-phenylenediamine and its salts不得使用於染髮用途化粧品,5131-58-8,
612,"1-Amino-4-(methylamino)-9,10-anthracenedione (Disperse Violet 4) and its salt 不得使用於染髮用途化粧品",1220-94-6,
155,Methyl hydrazine,60-34-4,
613,N-Methyl-3-nitro-p-phenylenediamine and its salts不得使用於染髮用途化粧品,2973-21-9,
614,N1-(2-Hydroxyethyl)-4-nitro-o-phenylenediamine (HC Yellow No 5) and its salts不得使用於染髮用途化粧品,56932-44-6,
615,"N1-(Tris(hydroxymethyl))methyl-4-nitro-1,2-phenylenediamine (HC Yellow No 3) and its salts 不得使用於染髮用途化粧品",56932-45-7,
616,2-Nitro-N-hydroxyethyl-p-anisidine and its salts 不得使用於染髮用途化粧品,57524-53-5,
617,"N,N'-Dimethyl-N-hydroxyethyl-3-nitro-p-phenylenediamine and its salts 不得使用於染髮用途化粧品",10228-03-2,
618,"3-(N-Methyl-N-(4-methylamino-3-nitrophenyl)amino)propane-1,2-diol and its salts 不得使用於染髮用途化粧品",93633-79-5,
619,4-Ethylamino-3-nitrobenzoic acid (N-Ethyl-3-Nitro PABA) and its salts 不得使用於染髮用途化粧品,2788-74-1,
620,"(8-[(4-Amino-2-nitrophenyl)azo]-7-hydroxy-2-naphthyl)trimethylammonium and its salts, (except Basic Red 118 as impurity in Basic brown 17) 不得使用於染髮用途化粧品",71134-97-9,
621,"5-((4-(Dimethylamino)phenyl)azo)-1,4-dimethyl-1H-1,2,4-triazolium and its salts不得使用於染髮用途化粧品",12221-52-2,
622,"m-Phenylenediamine, 4-(phenylazo)-, and its salts不得使用於染髮用途化粧品",495-54-5,
156,Methyl isocyanate,624-83-9,
623,"1,3 -Benzenediamine, 4-methyl-6-(phenylazo)- and its salts不得使用於染髮用途化粧品",4438-16-8,
624,"2,7 -Naphthalenedisulfonic acid, 5-(acetylamino)-4-hydroxy-3-((2-methylphenyl)azo)- and its salts不得使用於染髮用途化粧品",6441-93-6,
625,"4,4'-[(4-Methyl-1,3-phenylene)bis(azo)]bis[6-methyl-1,3-benzenediamine] (Basic Brown 4) and its salts不得使用於染髮用途化粧品",4482-25-1,
626,"Benzenaminium, 3-[[(4-[[diamino(phenylazo)phenyl]azo]-2-methylphenyl]azo]-N,N,N-trimethyl- and its salts不得使用於染髮用途化粧品",83803-99-0,
627,"Benzenaminium, 3-[[(4-[[diamino(phenylazo)phenyl]azo]-1-naphthalenyl]azo]-N,N,N-trimethyl- and its salts 不得使用於染髮用途化粧品",83803-98-9,
628,"Ethanaminium, N-(4-[(4-(diethylamino)phenyl)phenylmethylene]-2,5-cyclohexadien-1-ylidine)-N-ethyl- and its salts 不得使用於染髮用途化粧品",633-03-4,
629,"9,10-Anthracenedione, 1-[(2-hydroxyethyl)amino]-4-(methylamino)-, and its derivatives and salts 不得使用於染髮用途化粧品","2475-46-9/
86722-66-9",
630,"1,4 -Diamino-2-methoxy-9,10-anthracenedione (Disperse Red 11) and its salts 不得使用於染髮用途化粧品",2872-48-2,
631,"1,4-Dihydroxy-5,8-bis[(2-hydroxyethyl)amino]anthraquinone (Disperse Blue 7) and its salts 不得使用於染髮用途化粧品",3179-90-6,
632,1-[(3-Aminopropyl)amino]-4-(methylamino)anthraquinone and its salts 不得使用於染髮用途化粧品,22366-99-0,
157,Monofluoroacetamide,640-19-7,
633,"N-[6-[(2-Chloro-4-hydroxyphenyl)imino]-4-methoxy-3-oxo-1,4-cyclohexadien-1-yl]acetamide (HC Yellow No 8) and its salts 不得使用於染髮用途化粧品",66612-11-1,
634,"[6-[[3-Chloro-4-(methylamino)phenyl]imino]-4-methyl-3-oxocyclohexa-1,4-dien-1-yl]urea (HC Red No 9) and its salts 不得使用於染髮用途化粧品",56330-88-2,
635,"Phenothiazin-5-ium, 3,7-bis(dimethylamino)- and its salts 不得使用於染髮用途化粧品",61-73-4,
636,"4,6-Bis(2-hydroxyethoxy)-m-phenylenediamine and its salts 不得使用於染髮用途化粧品",94082-85-6,
637,"5-Amino-2,6-dimethoxy-3-hydroxypyridine and its salts 不得使用於染髮用途化粧品",104333-03-1,
638,4-Diethylamino-o-toluidine and its salts 不得使用於染髮用途化粧品,"148-71-0/
24828-38-4/
2051-79-8",
639,"Toluene-3,4-Diamine and its salts 不得使用於染髮用途化粧品",496-72-0,
640,2-Nitro-p-phenylenediamine and its salts 不得使用於染髮用途化粧品,"5307-14-2/
18266-52-9",
641,"Phenazinium, 3,7-diamino-2,8-dimethyl-5-phenyl- and its salts 不得使用於染髮用途化粧品",477-73-6,
642,3-Hydroxy-4-[(2-hydroxynaphthyl)azo]-7-nitronaphthalene-1-sulphonic acid and its salts 不得使用於染髮用途化粧品,"16279-54-2/
5610-64-0",
158,1-and 2-Naphthylamines and their salts,"91-59-8/
134-32-7",
643,"3-[[4-[(2-Hydroxyethyl)methylamino]-2-nitrophenyl]amino]-1,2-propanediol and its salts 不得使用於染髮用途化粧品","173994-75-7/
102767-27-1",
644,"3-[[4-[(2-Hydroxyethyl)amino]-2-nitrophenyl]amino]-1,2-propanediol and its salts不得使用於染髮用途化粧品","114087-41-1/
114087-42-2",
645,"Ethanaminium, N-[4-[[4-(diethylamino)phenyl][4-(ethylamino)-1-naphthalenyl]methylene]-2,5-cyclohexadien-1-ylidine]-N-ethyl-, and its salts 不得使用於染髮用途化粧品",2390-60-5,
646,"牛海綿狀腦病(Bovine Spongiform Encephalopathy)發生國家之牛、羊組織製成之原料 
(羊毛脂(Lanolin)、英國產以外之乳製品、英國產以外經鹼性處理之明膠(Gelatin)，以及經破壞致病原處理之脂肪酸(Fatty acid)、胺基酸(Amino acid)及甘油(Glycerin)等牛脂(Tallow)衍生物原料不在此限)
(1)牛海綿狀腦病發生之國家，以行政院農業委員會公告動物傳染病非疫區及疫區之國家(地區)為準。
(2)牛、羊組織，包括：腦(Brain)、脊椎(Spinal cord)、眼(Eye)、迴腸(Ileum) 、淋巴結(Lymph nodes)、近端結腸(Proximal Colon)、脾臟(Spleen)、扁桃腺(Tonsil)、硬腦膜(Dura mater)、松果腺(Pineal gland)、胎盤(Placenta)、腦脊椎液(Cerebrospinal fluid)、腦下垂體(Pituitary gland)、腎上腺(Adrenal gland)、遠端結腸(Distal colon)、鼻黏膜(Nasal mucosa)、末梢神經(Peripheral nerves)、骨髓(Bone marrow)、肝臟(Liver)、肺臟(Lung)、胰臟(Pancreas)、胸腺(Thymus gland)。",,
647,Alanroot oil（Inula helenium L.）（土木香根油）,97676-35-2,
648,"Rauwolfia serpentina L., alkaloids and their salts（蛇根木，生物鹼及其鹽類）",90106-13-1,
649,Yohimbine and its salts,146-48-5,
650,Tripterygium wilfordii Hook.f.（雷公藤）,-,
376,Sulfallate,95-06-7,
159,Tetracarbonylnickel,13463-39-3,
651,Aminocaproic acid（INN）and its salts,60-32-2,
652,3- and 4-(4-Hydroxy-4-methylpentyl) cyclohex-3-ene-1-carbaldehyde (HICC),"51414-25-6/
31906-04-4",
653,"2,6-Dihydroxy-4-methyl-benzaldehyde (atranol)",526-37-4,
654,"3-Chloro-2,6-Dihydroxy-4-methyl-benzaldehyde (chloroatranol)",57074-21-2,
655,"Perfluorooctane sulfonic acid; heptadecafluorooctane-1- sulfonic acid [1]
Potassium perfluorooctanesulfonate; potassium heptadecafluorooctane-1-sulfonate [2]
Diethanolamine perfluorooctane sulfonate [3]
Ammonium perfluorooctane sulfonate; ammonium heptadecafluorooctanesulfonate [4]
Lithium perfluorooctane sulfonate; lithium heptadecafluorooctanesulfonate [5]","1763-23-1 [1]
2795-39-3 [2] 
70225-14-8 [3]
29081-56-9 [4]
29457-72-5 [5]",
656,Ammonium pentadecafluorooctanoate,3825-26-1,
657,Perfluorooctanoic acid,335-67-1,
658,"Nonadecafluorodecanoic acid [1]
Ammonium nonadecafluorodecanoate [2]
Sodium nonadecafluorodecanoate [3]","335-76-2 [1]
3108-42-7 [2]
3830-45-3 [3]
",
659,"Perfluorononan-1-oic acid [1]
and its sodium [2]
and ammonium [3] salts","375-95-1 [1]
21049-39-8 [2]
4149-60-4 [3]",
16,Vinyl chloride monomer,75-01-4,
160,4-Nitrobiphenyl,92-93-3,
161,Nitrofen,1836-75-5,
162,N-Nitroso-N-methylurea,684-93-5,
163,Pentachlorophenol and its alkali salts,"87-86-5/
131-52-2/
7778- 73-6",
164,Phosgene,75-44-5,
165,Phosphine	,7803-51-2,
166,Phosphorus trichloride	,7719-12-2,
167,Phthalic anhydride	,85-44-9,
168,Polychlorinated biphenyls	,1336-36-3,
169,Propargyl alcohol	,107-19-7,
17,"2,2'-Dihydroxy-3,3',5,5',6,6'-hexachlorodiphenylmethane (Hexachlorophene (INN))",70-30-4,
170,2-Methylaziridine	,75-55-8,
171,(Epoxyethyl)benzene (Styrene oxide)	,96-09-3,
172,Tetrachloroethylene	,127-18-4,
173,Thiosemicarbazide (1-amino-2-thiourea)	,79-19-6,
174,m-Tolylidene diisocyanate (Toluene diisocyanate)	,26471-62-5,
175,"4-Methyl-m-phenylene diisocyanate (Toluene 2,4- diisocyanate)	",584-84-9,
176,Trichloroethylene,79-01-6,
177,"α,α,α-Trichlorotoluene	",98-07-7,
178,"2,4,5-Trichlorophenol	",95-95-4,
179,"2,4,6-Trichlorophenol	",88-06-2,
18,Tretinoin (INN) (retinoic acid and its salts),302-79-4,
180,"1,2,3-Trichloropropane	",96-18-4,
181,Trinickel disulfide	,12035-72-2,
182,"Tris(2,3-dibromopropyl)phosphate	",126-72-7,
183,Bromoethylene (Vinyl bromide)	,593-60-2,
184,Acetonitrile	,75-05-8,
185,Anthracene oil	,120-12-7,
186,Benzyl butyl phthalate (BBP),85-68-7,化粧品於製造過程中，如因所需使用原料或其他因素，且技術上無法避免，致含自然殘留微量時，則其最終製品中所含鄰苯二甲酸酯類成分之殘留量，不得超過100ppm。
187,Bis-(2-chloro-1-methylethyl) ether,108-60-1,
188,"bis(2-Ethylhexyl) phthalate (Diethylhexyl phthalate)
",117-81-7,化粧品於製造過程中，如因所需使用原料或其他因素，且技術上無法避免，致含自然殘留微量時，則其最終製品中所含鄰苯二甲酸酯類成分之殘留量，不得超過100ppm。
189,"Bis(2-methoxyethyl) phthalate (Dimethoxyethyl phthalate)
",117-82-8,化粧品於製造過程中，如因所需使用原料或其他因素，且技術上無法避免，致含自然殘留微量時，則其最終製品中所含鄰苯二甲酸酯類成分之殘留量，不得超過100ppm。
19,4-Amino-2-nitrophenol,119-34-6,
190,Bromoform (Tribromomethane),75-25-2,
191,Carbon disulfide	,75-15-0,
192,Carbon tetrachloride	,56-23-5,
193,Chlorobenzene	,108-90-7,
194,Chloroethane (Ethyl chloride) 	,75-00-3,
195,Chloromethane (Methyl chloride) 	,74-87-3,
196,Crotonaldehyde	,4170-30-3,
197,Daminozide	,1596-84-5,
198,Dibenzofuran	,132-64-9,
199,Dibromomethane (Methylenebromide)	,74-95-3,
2,4-Benzyloxyphenol and 4-ethoxyphenol,"103-16-2/
622-62-8
",
20,Antimony and its compounds,7440-36-0,
200,"1,2-Dichloropropane	",78-87-5,
201,"1,3-Dichlorobenzene	",541-73-1,
202,"1,2-Benzenedicarboxylic acid, dipentylester, branched and linear; n-Pentyl-isopentylphthalate; di-n-Pentyl phthalate; Diisopentylphthalate","605-50-5/
84777-06-0/
131-18-0",化粧品於製造過程中，如因所需使用原料或其他因素，且技術上無法避免，致含自然殘留微量時，則其最終製品中所含鄰苯二甲酸酯類成分之殘留量，不得超過100ppm。
203,"3,3′-Dimethoxybenzidine (ortho-Dianisidine) and its salts",119-90-4,
204,"4,4′-Bi-o-toluidine (ortho-Tolidine)",119-93-7,
205,Diphenylamine,122-39-4,
206,Fenchlorphos	,299-84-3,
207,"Hexachloro-1,3-butadiene	",87-68-3,
208,Hexachlorobenzene	,118-74-1,
209,Hexachloroethane	,67-72-1,
21,Arsenic and its compounds,7440-38-2,化粧品於製造過程中，如因所需使用原料或其他因素，且技術上無法避免，致含自然殘留微量時，則其最終製品中所含不純物重金屬砷之殘留量，不得超過3ppm。
210,Hexachloronaphthalene	,1335-87-1,
211,"2,4-Hexadienal	",142-83-6,
212,"Hydrazine, its derivatives and their salts	",302-01-2,
213,"4,4′-Methylenedianiline	",101-77-9,
214,Iodomethane (Methyl iodide)	,74-88-4,
215,Naphthalene	,91-20-3,
216,Nitrobenzene	,98-95-3,
217,"o-Aminotoluene/
m-Aminotoluene/
p-Aminotoluene","95-53-4/
108-44-1/
106-49-0",
218,Octachloronaphthalene	,2234-13-1,
219,"o-Dichlorobenzene (1,2-Dichloro benzene)	",95-50-1,
22,Cadmium and its compounds,7440-43-9,化粧品於製造過程中，如因所需使用原料或其他因素，且技術上無法避免，致含自然殘留微量時，則其最終製品中所含不純物重金屬鎘之殘留量，不得超過5ppm。
220,Pentachloronitrobenzene	,82-68-8,
221,Propiolactone	,57-57-8,
222,Pyridine	,110-86-1,
223,Thiourea (Thiocarbamide)	,62-56-6,
224,Toxaphene	,8001-35-2,
225,Tributyltin oxide (Bis(tributyltin)oxide)	,56-35-9,
226,"1,2,4-Trichlorobenzene	",120-82-1,
227,Fentin hydroxide	,76-87-9,
228,Areca catechu L.(檳榔),,
229,Asarum blumei Duch.(細辛),,
23,Cantharidine,56-25-7,
230,Brucea javanica (L.) Merr.(鴨膽子),,
231,Bufo melanostictus (蟾酥),,
232,Clematis chinensis Osbeck (威靈仙),,
233,Convallaria majalis L. (Convallaria keiskei Miq.) (鈴蘭),,
234,Coriaria sinica Maxim. (馬桑),,
235,Derris trifoliata Lour. (魚藤),,
236,"EphedraTourn. ex L, (Ephedraceae). (麻黃)",,
237,Euphorbia lathyris L. (續隨子；千金子),,
238,Illicium lanceolatum A.C. Smith (莽草),,
239,Lycoris radiata Herb. (石蒜),,
24,Chloroacetamide,79-07-2,
240,Nerium indicum Mill. (夾竹桃),,
241,Phytolacca acinosa Roxb. (商陸),,
242,Pinellia ternata (Thunb.) Breit. (半夏),,
243,Rhododendron molle G. Don (羊躑躅；鬧羊花),,
244,Sinapis alba L. (芥子),,
245,"Lead acetate, it trihydrate and derivatives	",6080-56-4,
246,Acid Orange 24 (CI 20170) 不得使用於染髮用途化粧品,1320-07-6,
247,Acid Red 73 (CI 27290) 不得使用於染髮用途化粧品,5413-75-2,
248,4-Aminoazobenzene	,60-09-3,
249,4-o-Tolylazo-o-toluidine	,97-56-3,
25,Chloroform,67-66-3,
250,5-Amino-4-fluoro-2-methylphenol sulfate 不得使用於染髮用途化粧品,163183-01-5,
251,2-Aminomethyl-p-aminophenol and its HCl salt 不得使用於染髮用途化粧品	,79352-72-0,
252,o-Anisidine	,90-04-0,
253,"2,6-Bis(2-Hydroxyethoxy)-3,5-pyridinediamine and its HCl salt 不得使用於染髮用途化粧品	",117907-42-3,
254,Bis(2-Methoxyethyl) ether (Dimethoxydiglycol)	,111-96-6,
255,4-Chloro-2-aminophenol 不得使用於染髮用途化粧品,95-85-2,
256,4-Chloroaniline	,106-47-8,
257,Chromated Copper Arsenate	,37337-13-6,
258,Cobalt dichloride	,7646-79-9,
259,N-Cyclopentyl-m-aminophenol 不得使用於染髮用途化粧品,104903-49-3,
26,Chromium; Chromic acid and its salts,7440-47-3,化粧品色素成分使用限制表中另有規定者除外。
260,"3,4-Diaminobenzoic acid	 不得使用於染髮用途化粧品",619-05-6,
261,"2,4-Diaminodiphenylamine 不得使用於染髮用途化粧品	",136-17-4,
262,"4,5-Diamino-1-((4-chlorophenyl)methyl)-1H-pyrazole sulfate 不得使用於染髮用途化粧品	",163183-00-4,
263,"2,4-Diamino-5-methylphenetol and its HCl salt 不得使用於染髮用途化粧品	",113715-25-6,
264,"4,5-Diamino-1-methylpyrazole and its HCl salt 不得使用於染髮用途化粧品	","20055-01-0/
21616-59-1",
265,"N,N-Diethyl-m-aminophenol 不得使用於染髮用途化粧品","91-68-9/
68239-84-9",
266,"N,N-Dimethyl-2,6-pyridinediamine and its HCl salt	不得使用於染髮用途化粧品",,
267,4-Hydroxyindole 不得使用於染髮用途化粧品,2380-94-1,
268,2-Methoxymethyl-p-aminophenol and its HCl salt 不得使用於染髮用途化粧品,"29785-47-5/
135043-65-1",
269,"6-Methoxy-2,3-pyridinediamine and its HCl salt 不得使用於染髮用途化粧品",94166-62-8,
27,Dibutyl phthalate,84-74-2,化粧品於製造過程中，如因所需使用原料或其他因素，且技術上無法避免，致含自然殘留微量時，則其最終製品中所含鄰苯二甲酸酯類成分之總殘留量，不得超過100ppm。
270,"4-Methoxytoluene-2,5-diamine and its HCl salt 不得使用於染髮用途化粧品",56496-88-9,
271,6-Methoxy-m-toluidine (p-Cresidine)	,120-71-8,
272,N-Methylacetamide	,79-16-3,
273,"4,4'-Methylenedi-o-toluidine	",838-88-0,
274,N-(2-Methoxyethyl)-p-phenylenediamine and its HCl salt 不得使用於染髮用途化粧品,"72584-59-9/
66566-48-1
",
275,"1,7-Naphthalenediol 不得使用於染髮用途化粧品",575-38-2,
276,"2,3-Naphthalenediol 不得使用於染髮用途化粧品",92-44-4,
277,"5-Nitro-o-toluidine/
5-Nitro-o-toluidine hydrochloride	","99-55-8/
51085-52-0",
278,Diphenylether; octabromo derivate	,32536-52-0,
279,"4,4′-Oxydianiline (p-Aminophenyl ether) and its salts	",101-80-4,
28,Dichlorophen,97-23-4,
280,Pentabromodiphenyl ether	,32534-81-9,
281,Solvent Red 1 (CI 12150) 不得使用於染髮用途化粧品,1229-55-6,
282,"4,4′-Thiodianiline and its salts	",139-65-1,
283,"2,4,5-Trimethylaniline/
2,4,5-Trimethylaniline hydrochloride	","137-17-7/
21436-97-5
",
284,"Di-n-octyl phthalate

",117-84-0,化粧品於製造過程中，如因所需使用原料或其他因素，且技術上無法避免，致含自然殘留微量時，則其最終製品中所含鄰苯二甲酸酯類成分之殘留量，不得超過100ppm。
285,"6-Amino-o-cresol and its salts 不得使用於染髮用途化粧品
",17672-22-9,
286,2-Amino-3-nitrophenol and its salts 不得使用於染髮用途化粧品,603-85-0,
287,"[4-[[4-Anilino-1-naphthyl][4-(dimethylamino)phenyl]methylene]cyclohexa-2,5-dien-1-ylidene]dimethylammonium chloride (Basic Blue 26; CI 44045) 不得使用於染髮用途化粧品",2580-56-5,
288,"4-[(4-Aminophenyl)(4-iminocyclohexa-2,5-dien-1- ylidene)methyl]-o-toluidine and its hydrochloride salt (Basic Violet 14; CI 42510) 不得使用於染髮用途化粧品","632-99-5/
3248-93-9
",
289,2-Chloro-5-nitro-N-hydroxyethyl- p-phenylenediamine and its salts 不得使用於染髮用途化粧品,50610-28-1,
29,"2,6-Dimethyl-1,3-dioxan-4-yl acetate (Dimethoxane)",828-00-2,
290,"4,4'-Diaminodiphenylamine and its salts	不得使用於染髮用途化粧品",537-65-5,
291,"2,4-Diamino-5-methylphenoxyethanol and its salts 不得使用於染髮用途化粧品","141614-05-3/
113715-27-8
",
292,"N,N-Diethyl-p-phenylenediamine and its salts 不得使用於染髮用途化粧品","6065-27-6/ 
6283-63-2/
93-05-0
",
293,"N,N-Dimethyl-p-phenylenediamine and its salts 不得使用於染髮用途化粧品","99-98-9/
6219-73-4
",
294,"3-[(2-nitro-4-(trifluoromethyl)phenyl)amino]propane1,2-diol (HC Yellow No. 6) and its salts 不得使用於染髮用途化粧品	",104333-00-8,
295,2-[(4-chloro-2-nitrophenyl)amino]ethanol (HC Yellow No. 12) and its salts 不得使用於染髮用途化粧品	,59320-13-7,
296,"Hydroxyethyl-2,6-dinitro-p-anisidine and its salts 不得使用於染髮用途化粧品",122252-11-3,
297,Hydroxyethylaminomethyl-p-aminophenol and its salts 不得使用於染髮用途化粧品,"110952-46-0/
135043-63-9
",
298,"6-Nitro-2,5-pyridinediamine and its salts	不得使用於染髮用途化粧品",69825-83-8,
299,"diethylene glycol

",111-46-6 ,化粧品於製造過程中，如因所需使用之原料或其他因素，且技術上無法避免，致含自然殘留微量時，則其最終製品中所含二甘醇(diethylene glycol)之殘留量，不得超過1000ppm。
3,Bithionol,97-18-7,
30,Dioxane,123-91-1,"化粧品於製造過程中，如因所需使用之原料或其他因素，且技術上無法避免，致含自然殘留微量時，則其最終製品中所含1,4-二氧六圜之殘留量，不得超過100ppm。"
300,m-Phenylenediamine and its salts,"108-45-2/
541-69-5/
541-70-8
",
301,Travamide,,
302,"Methyl alcohol

",67-56-1,化粧品於製造過程中，如因所需使用之原料或其他因素，且技術上無法避免，致含自然殘留微量時，則其最終製品中所含甲醇（methyl alcohol）之殘留量，不得超過2000ppm。
303,Rhododendrol	,69617-84-1,
304,Coal tars	,8007-45-2,
305,Estradiol	,50-28-2,
306,Estrone	,53-16-7,
307,Ethinyl estradiol	,57-63-6,
308,Antihistamine,,
309,Safrole (Shikimol) (黃樟素),94-59-7,"使用樟科等植物原料來源成分者，其最終殘留限量如下：
最終製品中所含黃樟素含量不得超過100ppm。
"
31,2-Ethoxyethanol and its acetate (2-Ethoxyethyl acetate),"110-80-5/
111-15-9",
310,"Verbena essential oils (Lippia citriodora Kunth.) (馬鞭草油)

",8024-12-2,Verbena absolute (Lippia citriodora Kunth.)除外。
311,Costus root oil (Saussurea lappa Clarke) (木香根油)	,8023-88-9,
312,Fig leaf absolute (Ficus carica L.) (無花果葉萃取物)	,68916-52-9,
313,Alocasia cucullata (Lour.) Schott (蔔芥;尖尾姑婆芋),,
314,"Amorphophallus rivieri Durieu (Amorphophallus konjac) (蒟蒻)

",,經精化、去毒程序而製成之食用蒟蒻除外。
315,Alocasia macrorrhiza（L.）Schott (Alocasia odora (Roxb.) K. Koch) (海芋;姑婆芋),,
316,Catharanthus roseus (L.) G. Don (長春花),,
317,Cerbera manghas L. (牛心茄子),,
318,"Ranunculus L.,(Ranunculaceae) (毛茛科毛茛屬植物)	",84929-74-8,
319,Crotalaria sessiliflora L. (野百合),,
32,4-Ethoxy-m-phenylenediamine and its salts,"67801-06-3/ 
5862-77-1/
68015-98-5/
6219-69-8
",
320,Dioscorea hispida Dennst. (白薯茛(大苦薯)),,
321,Gelsemium elegans Benth. (鉤吻),,
33,Fluorine compounds（as Inorganic compounds）,,口腔製劑另有規定者除外。
34,Formaldehyde（Formalin）,50-00-0,"(1)化粧品中使用DMDM Hydantoin、Imidazolidinyl urea、Quaterium 15、Benzylhemiformal、5-Bromo-5-nitro-1,3-dioxane、Bronopol、Methenamine、Sodium hydroxymethylglycinate、Diazolidinyl urea 成分作為防腐劑時，其總釋出之Free formaldehyde 量，不得超過1000ppm。
(2)未添加DMDM Hydantonin、Imidazolidinyl urea、Quaterium-15、DiaZolidinyl urea、Hexamethylenetetramine、
Benzylhemiformal、5-Bromo-5-nitro-1,3-dioxane、Bronopol 及Sodium hydroxymethylglycinate 等防腐劑成分，如於製造過程中，因所需使用原料或其他因素，且技術上無法避免，致含自然殘留微量時，則其最終製品中所含游離甲醛（Free formaldehyde）之殘留量，不得超過75ppm。"
35,"HC Blue No.1（2,2'-([4-(Methylamino)-3-nitrophenyl]imino)bis(ethanol)） ",2784-94-3,
36,Hydrogen peroxide,7722-84-1,使用於染髮、燙髮及牙齒美白產品當氧化劑除外。
37,p-Hydroxyanisole（4-Methoxyphenol；Hydroquinone monomethyl ether；Monobenzone）,150-76-5,
38,Lead and its compounds,7439-92-1,化粧品於製造過程中，如因所需使用原料或其他因素，且技術上無法避免，致含自然殘留微量時，則其最終製品中所含不純物重金屬鉛之殘留量，不得超過10ppm。
39,Local anesthetics（e.g.Lidocaine、Procaine）,,
4,Pilocarpine and its salts,92-13-7,
40,"1-Methoxy-2,4-diaminobenzene (2,4-Diaminoanisole; CI 76050) and its salts","615-05-4
",
41,"1-Methoxy-2,5-diaminobenzene (2,5-Diaminoanisole) and its salts",5307-02-8,
42,"4-Methyl-m-phenylenediamine (Toluene-2,4-diamine) and its salts",95-80-7,
43,Methyl methacrylate,80-62-6,
44,Nitrofurantoin (INN),67-20-9,
45,"Nitrosamines e.g. Dimethylnitrosoamine; Nitrosodipropylamine; 2,2'-Nitrosoimino)bisethanol; Nitrosamine diethyl(Diethylamine, N-nitroso-)","62-75-9/
621-64-7/
1116-54-7/
55-18-5",
46,Oestrogens,,
47,o-Phenylenediamine and its salts,95-54-5,
48,p-Phenylenediamine,106-50-3,使用於染髮產品除外。
49,Potassium bromate,7758-01-2,
5,Halogeno-salicylanilide,,
50,Pregnanediol,80-92-2,
51,Pregnenolone acetate,1778-02-5,
52,Pyrocatechol（Catechol）,120-80-9,
53,Pyrogallol,87-66-1,
54,Selenium and its compounds,7782-49-2,使用於髮類產品之Selenium disulfide除外。
55,"Strontium compounds
",7440-24-6,口腔製劑另有規定者除外。
56,Sulphonamides (sulphanilamide and its derivatives obtained by substitution of one or more H-atoms of the -NH2 groups) and their salts,,
57,"2-Methyl-m-phenylenediamine (Toluene-2,6-diamine)",823-40-5,
58,Trichloroacetic acid,76-03-9,
59,3-Imidazol-4-ylacrylic acid (Urocanic acid) and its ethyl ester,"104-98-3/
27538-35-8",
6,Boric acid,"10043-35-3/
11113-50-1",
60,Zirconium and its compounds,7440-67-7,"（用作色素之zirconium lakes, salts, pigments及化粧品成分使用限制表中另有規定者除外。）"
61,"Aconitum napellus L. (leaves, roots and galenical preparations)",84603-50-9,
62,Adonis vernalis L. and its preparations,84649-73-0,
63,Ammi majus and its galenical preparations,90320-46-0,
64,Anamirta cocculus L. (fruit),,
65,Apocynum cannabinum L. and its preparations,84603-51-0,
66,Aristolochic acid and its salts; Aristolochia spp. and their preparations,"475-80-9/
313-67-7/
15918-62-4",
67,Atropa belladonna L. and its preparations,8007-93-0,
68,"Cantharides, Cantharis vesicatoria",92457-17-5,Cantharides tincture 用於髮類產品之規定，應參考化粧品成分使用限制表。
69,Chenopodium ambrosioides L. (essential oil),8006-99-3,
7,Sodium perborate,7632-04-4,
70,"Claviceps purpurea Tul., its alkaloids and galenical preparations",84775-56-4,
71,Colchicum autumnale L. and its galenical preparations,84696-03-7,
72,"Conium maculatum L. (fruit, powder, galenical preparations)",85116-75-2,
73,Croton tiglium L. (oil),8001-28-3,
74,Datura stramonium L. and its galenical preparations,84696-08-2,
75,Digitaline and all heterosides of Digitalis purpurea L.,752-61-4,
76,"Hyoscyamus niger L. (leaves, seeds, powder and galenical preparations)",84603-65-6,
77,"Ipecacuanha (Cephaelis ipecacuanha Brot. and related species) (roots, powder and galenical preparations)",8012-96-2,
78,"Juniperus sabina L. (leaves, essential oil and galenical preparations)",90046-04-1,
79,Oil from the seeds of Laurus nobilis L.,84603-73-6,
8,Sodium borate,1330-43-4,含微量Sodium borate用以乳化Beeswax及Bleached Beeswax者，不在此限，惟其含量不得超過0.76%。
80,Lobelia inflata L. and its galenical preparations,84696-23-1,
81,Physostigma venenosum Balf.,89958-15-6,
82,Phytolacca spp. and their preparations,"60820-94-2/
65497-07-6",
83,Pilocarpus jaborandi Holmes and its galenical preparations,84696-42-4,
84,Prunus laurocerasus L. (cherry laurel water) ,89997-54-6,
85,Pyrethrum album L. and its galenical preparations,,
86,Schoenocaulon officinale Lind (seeds and galenical preparations),84604-18-2,
87,Solanum nigrum L. and its galenical preparations,84929-77-1,
88,Strophanthus species and their galenical preparations,,
89,Strychnos species and their galenical preparations,,
9,Chlorofluorocarbons,,
90,"Thevetia neriifolia Juss., glycoside extract",90147-54-9,
91,Urginea scilla Steinh. and its galenical preparations,84650-62-4,
92,Veratrum spp. and their preparations,90131-91-2,
93,Arsenolite（信石）,,
94,Daphnis Genkwa Flos（芫花）,,
95,Daturae Flos（洋金花）,,
96,Euphorbiae Pallasii Radix（白狼毒）,,
97,Euphorbiae Kansui Radix（甘遂）,,
98,Hirudo（水蛭）,,
99,Hyoscyami Semen（天仙子）,,
